"ME","RMSE","MAE","MPE","MAPE","MASE","ACF1","Theil's U"
"Training set",0.000153521922870591,0.405486127300736,0.295727911507912,-0.0044565488954979,0.311128613926572,0.238568846966203,-0.0233122320510226,NA
"Test set",-0.267374013955174,1.24269612224545,0.970893567660101,-0.294186527074109,1.02179225691824,0.78323671845015,0.335712173844491,0.899466129221506
