"ME","RMSE","MAE","MPE","MAPE","MASE","ACF1","Theil's U"
"Training set",-770.145464845586,4291366.59382172,634071.297748868,-0.0294707148534115,0.530353739655256,0.0575534494666004,0.149816164688,NA
"Test set",5487090.601873,26022243.3763748,20246860.8797366,4.19926119257415,16.0113738353695,1.83776917301929,0.973342460624769,5.78192112012029
